{
    "name": "XPT2046_Touchscreen", 
    "keywords": [
        "display", 
        "tft", 
        "lcd", 
        "graphics", 
        "spi", 
        "touchscreen"
    ], 
    "description": "Touchscreens using the XPT2046 controller chip. Many very low cost color TFT displays with touch screens have this chip.", 
    "repository": {
        "type": "git", 
        "url": "https://github.com/PaulStoffregen/XPT2046_Touchscreen.git"
    }, 
    "frameworks": [
        "arduino"
    ], 
    "platforms": [
        "atmelavr", 
        "atmelsam", 
        "espressif32", 
        "espressif8266", 
        "infineonxmc", 
        "intel_arc32", 
        "kendryte210", 
        "microchippic32", 
        "nordicnrf51", 
        "nordicnrf52", 
        "ststm32", 
        "ststm8", 
        "teensy", 
        "timsp430"
    ], 
    "export": {
        "exclude": "doc"
    }, 
    "version": "26b691b2c8", 
    "authors": [
        {
            "email": null, 
            "url": "https://github.com/PaulStoffregen", 
            "maintainer": false, 
            "name": "Paul Stoffregen"
        }
    ], 
    "id": 542
}